product_id,bank_name_cn,bank_name_en,product_name_cn,product_name_en,product_type,target_customer,supports_sme,suitable_company_scale,eligible_project_tags,preferred_industries,mvp_min_esg_score,preferred_esg_ratings,mvp_min_recommended_amount_hkd,mvp_max_recommended_amount_hkd,mvp_max_tenor_years,requires_external_review,requires_use_of_proceeds_tracking,requires_kpi_or_target_tracking,official_features_summary,best_for,mvp_matching_note,source_institution,source_url
HSBC_HK_SIL_HKGOC,滙豐銀行香港,HSBC Hong Kong,可持續發展改善貸款 - HKGOC路徑,HSBC Sustainability Improvement Loan with HKGOC,sustainability_linked_loan,中小企及中型企業,TRUE,SME; mid_market,energy_efficiency; waste_reduction; carbon_reduction; sustainability_performance; SME,all_industries,65,A+; A; B+; B,500000,,,TRUE,FALSE,TRUE,貸款成本可與企業可持續表現掛鈎，HKGOC Energywi$e/Wastewi$e證書可作為可持續表現路徑之一。適用於希望通過節能、減廢和環境管理改善來取得更好融資條件的企業。,已有ESG報告或內部環境數據，並計劃持續改善節能、減廢表現的中小企。,若企業ESG評分較高且具備節能/減廢項目，可優先匹配；需要企業準備HKGOC或等同證明，並由銀行最終判斷是否可轉為SIL安排。,HSBC,https://www.business.hsbc.com.hk/-/media/media/hong-kong/pdfs/campaigns/sustainability-improvement-loan-hkgoc-factsheet-en.pdf
BOCHK_GREEN_SUSTAINABILITY_RELATED_LOAN,中國銀行香港,Bank of China (Hong Kong),綠色和可持續相關貸款,Green and Sustainability related Loan,green_or_sustainability_related_loan,各行業企業客户,TRUE,SME; mid_market; corporate,renewable_energy; energy_efficiency; pollution_prevention; waste_reduction; waste_recycling; clean_transport; green_technology; sustainable_water; climate_resilience; circular_economy; green_building; carbon_reduction,all_industries,60,A+; A; B+; B,1000000,,,TRUE,TRUE,TRUE,支持合資格綠色、社會和轉型項目，也支持企業實現ESG目標；貸款類型包括定期貸款和循環貸款；申請需符合綠色貸款原則或可持續發展掛鈎貸款原則等。,項目用途清晰、可提供第三方綠色評估或認證、融資金額達到企業貸款規模的綠色項目。,適合作為光伏、電動車、節能改造、循環經濟項目的綜合備選；需要綠色評估或認證並由銀行審批。,BOCHK,https://www.bochk.com/en/corporate/ESG/greenloan.html
HANGSENG_GREEN_LOAN,恒生銀行,Hang Seng Bank,綠色貸款,Green Loans,use_of_proceeds_green_loan,商業銀行企業客户,TRUE,SME; mid_market; corporate,renewable_energy; energy_efficiency; clean_transport; waste_reduction; waste_recycling; green_building; carbon_reduction,all_industries,60,A+; A; B+; B,800000,100000000,,TRUE,TRUE,FALSE,企業貸款用於融資或再融資符合綠色貸款原則的合資格綠色項目。網頁同時列示社會貸款和可持續發展掛鈎貸款。,用途明確、可直接證明環境收益的綠色項目。,恒生網頁曾列示外部評審費用現金回贈，但相關條款要求可持續融資須在2025年5月31日或以前提款；當前匹配只使用貸款產品類型，不把該回贈作為有效優惠。,Hang Seng Bank,https://www.hangseng.com/business/scale-your-business/lending-green-financing/
HANGSENG_SUSTAINABILITY_LINKED_LOAN,恒生銀行,Hang Seng Bank,可持續發展掛鈎貸款,Sustainability Linked Loans,sustainability_linked_loan,商業銀行企業客户,TRUE,SME; mid_market; corporate,sustainability_performance; carbon_reduction; energy_efficiency; training; social_performance; governance,all_industries,70,A+; A; B+,1000000,100000000,,TRUE,FALSE,TRUE,貸款支持環境及社會可持續經濟活動，企業資金成本與ESG及可持續發展指標掛鈎。,ESG評分較高、已有量化年度目標並希望把融資成本與減碳或其他ESG目標掛鈎的企業。,若企業ESG評級為A+/A且具備明確減碳目標，可作為綠色項目貸款之外的融資方案。,Hang Seng Bank,https://www.hangseng.com/business/scale-your-business/lending-green-financing/
DBS_HK_SME_SUSTAINABLE_FINANCE_PROGRAMME,星展銀行香港,DBS Hong Kong,中小企可持續發展融資計劃,DBS Hong Kong SME Sustainable Finance Programme,sme_green_project_finance,香港中小企,TRUE,SME,energy_efficiency; pollution_prevention; resource_conservation; green_building; clean_transport; renewable_energy; solar; waste_reduction; circular_economy; SME,all_industries; sustainability_sector,55,A+; A; B+; B; C+,500000,10000000,,FALSE,TRUE,FALSE,專為中小企綠色項目或活動提供融資，資金用途須具備明確環境效益；合資格用途包括LED、節能設備、可回收材料、電動車隊和太陽能等。可適用分期貸款、循環貸款、貿易融資等多類信貸。,金額較小、用途明確、需要較簡化綠色融資路徑的香港中小企。,與當前demo企業的LED、屋頂光伏、電動車替換、循環包裝項目高度匹配；需要準備合同、標籤、認證或項目文件證明資金用於綠色活動。,DBS Hong Kong,https://www.dbs.com.hk/sme/sustainable-finance-programme
DBS_HK_GREEN_SUSTAINABLE_TRADE_FINANCING,星展銀行香港,DBS Hong Kong,綠色和可持續貿易融資,Green and Sustainable Trade Financing,sustainable_trade_finance,企業及中小企供應鏈客户,TRUE,SME; mid_market; corporate,sustainable_packaging; circular_economy; resource_conservation; waste_reduction; supply_chain; trade_finance,trade; manufacturing; packaging; logistics,60,A+; A; B+; B,500000,,1,FALSE,TRUE,FALSE,圍繞可持續供應鏈和貿易活動提供綠色及可持續貿易融資方案。,以採購、應收、訂單和供應鏈為主的綠色產品企業。,適合再生紙產品線和可持續包裝訂單產生的貿易融資需求；如為固定資產改造項目，則優先匹配項目貸款而非貿易融資。,DBS Hong Kong,https://www.dbs.com.hk/corporate/sustainability/green-and-sustainable-trade-financing
BEA_GREEN_LOAN,東亞銀行,The Bank of East Asia,綠色貸款,Green Loan,use_of_proceeds_green_loan,企業客户,TRUE,SME; mid_market; corporate,energy_efficiency; renewable_energy; green_building; carbon_reduction; clean_transport; waste_reduction,all_industries,60,A+; A; B+; B,500000,,,TRUE,TRUE,FALSE,綠色貸款支持提高能源效率、發展可再生能源、綠色建築等綠色項目，並按不同綠色項目提供優惠利率。,綠色項目用途明確且希望獲得項目型綠色貸款優惠利率的企業。,適合LED改造、光伏和電動車項目；需準備綠色項目文件並通過銀行內部政策和信貸審批。,BEA,https://www.hkbea.com/html/en/bea-corporate-banking-green-and-sustainable-products.html
BEA_SUSTAINABILITY_LINKED_LOAN,東亞銀行,The Bank of East Asia,可持續發展掛鈎貸款,Sustainability-linked Loan,sustainability_linked_loan,企業客户,TRUE,SME; mid_market; corporate,sustainability_performance; carbon_reduction; training; energy_efficiency; governance,all_industries,70,A+; A; B+,800000,,,TRUE,FALSE,TRUE,貸款條款與預先設定的可持續目標掛鈎，例如年度碳減排、員工培訓時數等，並需定期監測進度報告。,ESG表現較好且有量化KPI的企業。,當前企業ESG評級A+，可作為補充融資方案；若單個項目金額較小，通常仍優先匹配中小企綠色項目貸款。,BEA,https://www.hkbea.com/html/en/bea-corporate-banking-green-and-sustainable-products.html
OCBC_HK_SME_SUSTAINABLE_FINANCING,華僑銀行香港,OCBC Hong Kong,中小企可持續融資綠色貸款,SME Sustainable Financing - Green Loans for SMEs,sme_green_project_finance,中小企,TRUE,SME,renewable_energy; solar; green_building; energy_efficiency; clean_transport; pollution_prevention; waste_reduction; waste_recycling; circular_economy; sustainable_packaging; sustainable_water; climate_adaptation; SME,all_industries; sustainability_sector; packaging,55,A+; A; B+; B; C+,300000,,,FALSE,TRUE,FALSE,為中小企實施可持續項目提供融資，框架經Moody's ESG審閲並與綠色貸款原則四個核心組成部分對齊；資金領域包括可再生能源、能源效率、清潔交通、污染防治、循環經濟及資源高效包裝等。,綠色項目類型較多、金額中小、希望簡化可持續融資文件複雜度的中小企。,與demo企業綠色包裝、LED、光伏、電動車和循環經濟項目高度匹配，是優先推薦對象。,OCBC Hong Kong,https://www.ocbc.com.hk/business-banking/smes/loans/sustainable-financing.page
SCB_SUSTAINABLE_TRADE_FINANCING,渣打銀行香港,Standard Chartered,可持續貿易融資,Sustainable Trade Financing,sustainable_trade_finance,企業及機構客户,FALSE,mid_market; corporate,trade_finance; supply_chain; sustainable_packaging; clean_transport; renewable_energy; energy_efficiency; green_project,trade; manufacturing; logistics; supply_chain,70,A+; A; B+,5000000,,1,TRUE,TRUE,FALSE,渣打提供可持續貿易融資方案，包括與綠色和可持續金融產品框架內合資格項目相關的貿易流動性支持。,具有跨境貿易、供應鏈融資或較大貿易額度需求的企業。,當前demo企業規模和單筆融資金額偏小，因此一般作為條件備選；如未來發展為跨境綠色包裝供應鏈訂單，可提高匹配優先級。,Standard Chartered,https://www.sc.com/en/corporate-investment-banking/transaction-banking/sustainable-trade-financing
SCB_GREEN_SUSTAINABLE_PRODUCT_FRAMEWORK_LOAN,渣打銀行香港,Standard Chartered,綠色及可持續產品框架下貸款,Green and Sustainable Product Framework loans,green_or_sustainability_related_loan,企業及機構客户,FALSE,mid_market; corporate,renewable_energy; energy_efficiency; clean_transport; green_building; sustainable_water; pollution_prevention; circular_economy; carbon_reduction; green_project,all_industries,70,A+; A; B+,5000000,,,TRUE,TRUE,TRUE,渣打綠色及可持續產品框架覆蓋綠色/社會貸款、可持續發展掛鈎貸款、可持續貿易金融等產品，並設有交易及客户資格準則以降低漂綠風險。,融資金額較大、希望進行綠色項目融資或可持續表現掛鈎融資的企業。,由於demo企業當前融資金額較小，作為未來規模擴大後的備選。,Standard Chartered,https://www.sc.com/en/about/sustainability/bespoke-sustainable-finance-solutions/
UOB_GREEN_FINANCE_U_SERIES,大華銀行,UOB,U-Series綠色融資方案,U-Series green finance solutions,green_finance_framework_solution,企業客户,TRUE,SME; mid_market; corporate,green_building; clean_transport; fleet_electrification; energy_efficiency; renewable_energy; sustainable_packaging; green_project,all_industries; construction; transport; manufacturing,60,A+; A; B+; B,1000000,,,TRUE,TRUE,FALSE,U-Series以行業夥伴和銀行框架降低企業進入可持續融資的複雜度，覆蓋U-Build、U-Drive、U-Energy等方案。,電動車生態、建築節能、綠色能源和供應鏈項目。,適合電動車替換和節能/能源類項目，但需向香港團隊確認本地產品適用口徑。,UOB,https://www.uobgroup.com/sustainable-solutions/green-finance/u-series.page
UOB_CIRCULAR_FINANCE,大華銀行,UOB,循環經濟綠色融資,Circular Finance for Green Circular Economy,circular_economy_finance,循環經濟相關企業,TRUE,SME; mid_market; corporate,circular_economy; waste_reduction; waste_recycling; resource_conservation; sustainable_packaging; pollution_prevention,recycling; manufacturing; packaging; materials,60,A+; A; B+; B,1000000,,,TRUE,TRUE,FALSE,循環經濟融資支持renew、reuse、reduce相關企業和業務，包括材料回收、資源效率和循環經濟價值鏈。,再生材料、循環包裝、廢棄物減量和資源效率項目。,適合再生紙產品線升級項目，但需確認香港分行具體可辦理產品和文件要求。,UOB,https://www.uobgroup.com/sustainable-solutions/green-finance/circular-economy.page
CCB_ASIA_GREEN_SUSTAINABLE_LOANS,建設銀行亞洲,China Construction Bank (Asia),綠色及可持續貸款,Green and Sustainable Loans,green_or_sustainability_related_loan,企業客户,TRUE,SME; mid_market; corporate,green_project; green_industry; energy_efficiency; renewable_energy; carbon_reduction; sustainability_performance; transition,all_industries; green_industries,60,A+; A; B+; B,1000000,,,TRUE,TRUE,TRUE,建設銀行亞洲提供綠色及可持續貸款和可持續發展掛鈎貸款，支持企業綠色轉型和綠色行業發展，並協助取得第三方認證。,需要銀行綠色金融團隊支持和第三方認證協助的企業。,適合作為中資銀行綠色貸款備選，特別是融資金額達到100萬港元以上項目。,CCB Asia,https://www.asia.ccb.com/hongkong/enterprise/corporate_finance/green_finance.html
ICBC_ASIA_ESG_LOANS,工商銀行亞洲,ICBC (Asia),ESG貸款,"Environmental, Social and Governance Loans",green_social_or_sustainability_linked_loan,有ESG融資需求的企業客户,TRUE,SME; mid_market; corporate,green_project; sustainability_performance; energy_efficiency; renewable_energy; clean_transport; carbon_reduction; transition,all_industries,60,A+; A; B+; B,1500000,,,TRUE,TRUE,TRUE,ESG貸款包括綠色貸款、社會貸款、可持續發展掛鈎貸款等；銀行會評估借款人財務及相關材料，並要求外部評審機構評估和出具認證或意見。,需要定製化ESG融資結構並能提供外部評審材料的企業。,當前demo企業項目金額較小，若融資金額合併或未來擴大，可作為備選。,ICBC Asia,https://www.icbcasia.com/hk/en/commercial/commercial-lending/structured-finance/default.html
HSBC_HK_GREEN_LOANS,滙豐銀行香港,HSBC Hong Kong,綠色貸款,Green Loans,use_of_proceeds_green_loan,商業銀行企業客户,TRUE,SME; mid_market; corporate,renewable_energy; energy_efficiency; clean_transport; green_building; pollution_prevention; sustainable_water; carbon_reduction,all_industries,60,A+; A; B+; B,800000,,,TRUE,TRUE,FALSE,HSBC香港商業銀行可持續發展頁面列示Green Loans，用於支持符合綠色用途的融資或再融資安排；公開資料未披露固定利率、額度或統一審批門檻。,用途清晰、可證明環境收益的節能、可再生能源、綠色建築或清潔交通項目。,作為滙豐一般綠色貸款選項匹配；需要企業準備綠色用途證明、項目合同、環境收益測算及銀行要求的評審材料，實際條件需向銀行確認。,HSBC,https://www.business.hsbc.com.hk/en-gb/campaigns/sustainability-for-business
HSBC_HK_SOCIAL_LOANS,滙豐銀行香港,HSBC Hong Kong,社會貸款,Social Loans,social_loan,商業銀行企業客户,TRUE,SME; mid_market; corporate,social_project; community_development; affordable_basic_infrastructure; social_performance; sme_support,all_industries; social_enterprise; public_service,60,A+; A; B+; B,800000,,,TRUE,TRUE,FALSE,HSBC香港商業銀行可持續發展頁面列示Social Loans，用於支持具有社會效益的融資安排；公開資料未披露固定額度、期限或利率。,項目目標偏社會影響、普惠服務、社區服務或中小企支持，而非單純環境項目的企業。,只有在企業上傳資料中存在社會效益項目時推薦；綠色項目不足以自動構成社會貸款適配，正式分類需銀行確認。,HSBC,https://www.business.hsbc.com.hk/en-gb/campaigns/sustainability-for-business
HSBC_HK_SUSTAINABILITY_LINKED_LOANS,滙豐銀行香港,HSBC Hong Kong,可持續發展掛鈎貸款,Sustainability-Linked Loans,sustainability_linked_loan,商業銀行企業客户,TRUE,SME; mid_market; corporate,sustainability_performance; carbon_reduction; energy_efficiency; waste_reduction; social_performance; governance,all_industries,70,A+; A; B+,1000000,,,TRUE,FALSE,TRUE,HSBC香港商業銀行可持續發展頁面列示Sustainability-Linked Loans，融資安排與企業可持續發展表現或目標相關；公開資料未披露統一KPI門檻。,已經有年度減碳、能源效率、廢棄物或社會治理KPI，並可持續跟蹤表現的企業。,不同於HKGOC路徑的特定SIL條目，本條用於一般SLL初篩；需準備KPI、SPT、基準年和複核安排。,HSBC,https://www.business.hsbc.com.hk/en-gb/campaigns/sustainability-for-business
HSBC_HK_GREEN_TRADE_FINANCE,滙豐銀行香港,HSBC Hong Kong,綠色貿易融資,Green Trade Finance,sustainable_trade_finance,有綠色採購、綠色供應鏈或出口訂單的企業客户,TRUE,SME; mid_market; corporate,sustainable_trade; green_supply_chain; green_product; renewable_energy; energy_efficiency; clean_transport; waste_reduction,trading; manufacturing; logistics; all_industries,60,A+; A; B+; B,500000,,1,TRUE,TRUE,FALSE,HSBC香港商業銀行頁面列示Green Trade Finance，適用於綠色或可持續貿易場景；公開資料未給出固定利率或額度。,綠色產品採購、綠色設備進口、可持續包裝訂單、低碳供應鏈應收或貿易流動資金。,貿易融資通常期限較短，若企業項目是多年固定資產投資，應只作為補充流動資金選項。,HSBC,https://www.business.hsbc.com.hk/en-gb/campaigns/sustainability-for-business
HSBC_HK_SUSTAINABLE_TAXI_FINANCE,滙豐銀行香港,HSBC Hong Kong,可持續出租車融資,Sustainable Taxi Finance,clean_transport_vehicle_finance,出租車車主、車隊及相關交通營運客户,TRUE,SME; mid_market,clean_transport; electric_vehicle; low_emission_vehicle; carbon_reduction,transportation; logistics,55,A+; A; B+; B; C+,300000,,,FALSE,TRUE,FALSE,HSBC香港商業銀行頁面列示Sustainable Taxi Finance，定位於支持更可持續的出租車融資；公開資料未披露統一授信細節。,電動或低排放車輛替換、車隊減碳項目以及有車輛購置證明的交通營運客户。,僅在項目標籤包含清潔交通、電動車或低排放車輛時推薦；車輛型號、牌照、按揭或抵押安排需銀行確認。,HSBC,https://www.business.hsbc.com.hk/en-gb/campaigns/sustainability-for-business
HANGSENG_SOCIAL_LOAN,恒生銀行,Hang Seng Bank,社會貸款,Social Loans,social_loan,商業銀行企業客户,TRUE,SME; mid_market; corporate,social_project; community_development; access_to_essential_services; sme_support; employment,all_industries; social_enterprise; public_service,60,A+; A; B+; B,800000,,,TRUE,TRUE,FALSE,恒生銀行商業綠色融資頁面列示Social Loans，與Green Loans和Sustainability Linked Loans並列；公開頁面未披露固定利率或額度。,社會效益項目、社區服務、就業支持或普惠服務相關融資。,僅在企業資料顯示明確社會效益用途時匹配；綠色環保項目應優先匹配綠色貸款或SLL。,Hang Seng Bank,https://www.hangseng.com/business/scale-your-business/lending-green-financing/
HANGSENG_SME_GREEN_EQUIPMENT_FINANCING,恒生銀行,Hang Seng Bank,中小企綠色設備融資平台,SME Green Equipment Financing Platform,green_equipment_finance,中小企客户,TRUE,SME,green_equipment; energy_efficiency; renewable_energy; solar; electric_vehicle; carbon_reduction,all_industries; manufacturing; property; transportation,55,A+; A; B+; B; C+,300000,,,FALSE,TRUE,FALSE,恒生頁面列示SME Green Equipment Financing Platform，幫助中小企識別綠色設備供應商並開展融資申請；公開資料未披露統一利率或額度。,中小企採購節能設備、太陽能系統、電動車或其他綠色設備，且已有供應商報價的項目。,可在設備購置類項目中優先匹配；需企業補充供應商報價、設備規格、預計節能/減排測算和銀行要求文件。,Hang Seng Bank,https://www.hangseng.com/business/scale-your-business/lending-green-financing/
BOCHK_GREEN_LOAN,中國銀行香港,Bank of China (Hong Kong),綠色貸款,Green Loans,use_of_proceeds_green_loan,各行業企業客户,TRUE,SME; mid_market; corporate,renewable_energy; energy_efficiency; pollution_prevention; waste_reduction; waste_recycling; clean_transport; green_technology; sustainable_water; green_building; carbon_reduction,all_industries,60,A+; A; B+; B,1000000,,,TRUE,TRUE,FALSE,中銀香港頁面列示綠色和可持續相關貸款，支持合資格綠色、社會和轉型項目；本條拆分為專款專用綠色貸款場景。,有明確綠色資金用途、項目合同和環境收益測算的綠色項目融資。,與原綜合條目並存，用於更精細匹配綠色項目；實際貸款結構、認證和額度需由中銀香港確認。,BOCHK,https://www.bochk.com/en/corporate/ESG/greenloan.html
BOCHK_SUSTAINABILITY_LINKED_LOAN,中國銀行香港,Bank of China (Hong Kong),可持續發展掛鈎貸款,Sustainability-linked Loans,sustainability_linked_loan,各行業企業客户,TRUE,SME; mid_market; corporate,sustainability_performance; carbon_reduction; energy_efficiency; waste_reduction; governance; social_performance,all_industries,70,A+; A; B+,1000000,,,TRUE,FALSE,TRUE,中銀香港頁面説明貸款可包括可持續發展掛鈎貸款，並要求符合綠色貸款原則或可持續發展掛鈎貸款原則等；公開資料未披露固定利率。,已有可量化ESG指標、年度目標和內部跟蹤機制的企業。,用於將BOCHK綜合產品拆分為KPI/SPT路徑；企業需準備KPI、SPT、基準年、複核安排和銀行要求的外部意見。,BOCHK,https://www.bochk.com/en/corporate/ESG/greenloan.html
DBS_HK_SUSTAINABLE_SUPPLY_CHAIN_FINANCE,星展銀行香港,DBS Hong Kong,可持續供應鏈融資,Sustainable Supply Chain Finance,sustainable_trade_finance,企業供應鏈、貿易及採購客户,TRUE,SME; mid_market; corporate,sustainable_trade; green_supply_chain; green_product; waste_reduction; carbon_reduction; responsible_sourcing,trading; manufacturing; logistics; all_industries,60,A+; A; B+; B,500000,,1,FALSE,TRUE,FALSE,DBS香港中小企可持續發展融資計劃頁面列出可持續供應鏈融資相關場景，並支持中小企綠色轉型；公開資料未披露固定授信條件。,綠色採購、供應鏈減碳、可持續包裝或綠色產品訂單相關的貿易融資。,以短期營運資金或貿易項下融資為主；項目為長期固定資產投資時不應作為首選。,DBS Hong Kong,https://www.dbs.com.hk/sme/sustainable-finance-programme
BEA_SOCIAL_LOAN,東亞銀行,The Bank of East Asia,社會貸款,Social Loan,social_loan,企業銀行客户,TRUE,SME; mid_market; corporate,social_project; community_development; access_to_essential_services; sme_support; employment,all_industries; social_enterprise; public_service,60,A+; A; B+; B,800000,,,TRUE,TRUE,FALSE,東亞銀行綠色及可持續產品頁面列示Social Loan，與Green Loan和Sustainability-linked Loan並列；公開資料未披露統一利率或額度。,有社會效益資金用途、可描述受益羣體和成果指標的企業融資。,只有社會項目資料充分時推薦；普通綠色項目仍應優先匹配BEA Green Loan。,BEA,https://www.hkbea.com/html/en/bea-corporate-banking-green-and-sustainable-products.html
SCB_GREEN_TRADE_FACILITY,渣打銀行香港,Standard Chartered Hong Kong,綠色貿易融資額度,Green Trade Facility,sustainable_trade_finance,企業及機構貿易融資客户,FALSE,mid_market; corporate,sustainable_trade; green_supply_chain; green_product; energy_efficiency; renewable_energy; clean_transport,trading; manufacturing; logistics; all_industries,65,A+; A; B+,1500000,,1,TRUE,TRUE,FALSE,渣打可持續貿易融資頁面列示Green Trade Facility，可支持與綠色或可持續貿易相關的融資；公開資料未披露香港固定利率或額度。,中大型企業的綠色採購、綠色產品貿易、可持續供應鏈訂單及貿易流動資金。,該產品主要按渣打全球交易銀行可持續貿易融資框架整理；香港本地准入、貿易單據和評審要求需銀行確認。,Standard Chartered,https://www.sc.com/en/corporate-investment-banking/transaction-banking/sustainable-trade-financing
UOB_U_SOLAR,大華銀行,UOB,U-Solar太陽能融資,U-Solar,solar_finance,太陽能項目業主、供應商及企業客户,TRUE,SME; mid_market; corporate,solar; renewable_energy; carbon_reduction; green_equipment,property; manufacturing; energy; all_industries,55,A+; A; B+; B; C+,300000,,,TRUE,TRUE,FALSE,UOB U-Series頁面列示U-Solar，用於太陽能相關綠色融資；公開資料未披露香港統一授信條件。,光伏系統安裝、太陽能設備採購及相關節能減碳項目。,按UOB集團綠色融資方案整理；香港本地可辦理性、供應商名單和抵押安排需確認。,UOB,https://www.uobgroup.com/sustainable-solutions/green-finance/u-series.page
UOB_U_ENERGY,大華銀行,UOB,U-Energy能源效率融資,U-Energy,energy_efficiency_finance,節能改造及綠色設備企業客户,TRUE,SME; mid_market; corporate,energy_efficiency; green_equipment; carbon_reduction; building_efficiency,property; manufacturing; hospitality; all_industries,55,A+; A; B+; B; C+,300000,,,TRUE,TRUE,FALSE,UOB U-Series頁面列示U-Energy，用於能源效率相關融資；公開資料未披露香港統一利率或額度。,LED、空調、能源管理系統、生產設備節能改造及樓宇能效提升。,適合與企業上傳的節能設備報價和節省電費測算結合；香港本地辦理口徑需確認。,UOB,https://www.uobgroup.com/sustainable-solutions/green-finance/u-series.page
UOB_U_DRIVE,大華銀行,UOB,U-Drive電動車融資,U-Drive,clean_transport_vehicle_finance,企業車隊、物流及交通客户,TRUE,SME; mid_market; corporate,electric_vehicle; clean_transport; low_emission_vehicle; carbon_reduction,transportation; logistics; all_industries,55,A+; A; B+; B; C+,300000,,,TRUE,TRUE,FALSE,UOB U-Series頁面列示U-Drive，用於電動車或低排放交通工具相關融資；公開資料未披露香港統一授信條件。,企業車隊電動化、低排放車輛購置及充電配套項目。,需企業提供車輛報價、用途和預計減排；香港本地車型、牌照和抵押安排需銀行確認。,UOB,https://www.uobgroup.com/sustainable-solutions/green-finance/u-series.page
UOB_U_BUILD,大華銀行,UOB,U-Build綠色建築融資,U-Build,green_building_finance,房地產、物業、建築及企業業主客户,TRUE,SME; mid_market; corporate,green_building; building_efficiency; energy_efficiency; carbon_reduction; green_certification,property; construction; hospitality; all_industries,60,A+; A; B+; B,800000,,,TRUE,TRUE,FALSE,UOB U-Series頁面列示U-Build，用於綠色建築或樓宇可持續改造相關融資；公開資料未披露香港統一額度。,樓宇能效提升、綠色建築認證、節能改造及可持續物業項目。,適合有綠色建築認證、改造合同或能源審計的項目；香港本地辦理口徑需確認。,UOB,https://www.uobgroup.com/sustainable-solutions/green-finance/u-series.page
UOB_SUSTAINABILITY_LINKED_FINANCE,大華銀行,UOB,可持續發展掛鈎融資,Sustainability-Linked Finance,sustainability_linked_loan,企業客户,TRUE,SME; mid_market; corporate,sustainability_performance; carbon_reduction; energy_efficiency; governance; social_performance,all_industries,70,A+; A; B+,1000000,,,TRUE,FALSE,TRUE,UOB Sustainability-Linked Finance頁面説明融資與借款人的可持續表現目標掛鈎；公開資料未披露固定利率或額度。,已有量化SPT/KPI、可定期披露可持續表現並希望融資條件與目標掛鈎的企業。,按UOB集團可持續發展掛鈎融資方案整理；香港本地辦理口徑和SPT複核要求需確認。,UOB,https://www.uobgroup.com/sustainable-solutions/sustainability-linked.page
UOB_SUSTAINABLE_TRADE_FINANCE,大華銀行,UOB,可持續貿易融資,Sustainable Trade Finance,sustainable_trade_finance,貿易及供應鏈企業客户,TRUE,SME; mid_market; corporate,sustainable_trade; green_supply_chain; responsible_sourcing; green_product; carbon_reduction,trading; manufacturing; logistics; all_industries,60,A+; A; B+; B,500000,,1,TRUE,TRUE,FALSE,UOB可持續解決方案頁面列示Sustainable Trade Finance，支持可持續貿易和供應鏈相關融資；公開資料未披露香港統一審批條件。,綠色產品訂單、可持續採購、綠色供應鏈應收賬款或短期貿易資金需求。,僅作貿易/供應鏈融資備選；長期項目融資應優先匹配綠色貸款或設備融資。,UOB,https://www.uobgroup.com/sustainable-solutions/index.page
UOB_TRANSITION_FINANCE,大華銀行,UOB,轉型融資,Transition Finance,transition_finance,需進行低碳轉型的企業客户,TRUE,SME; mid_market; corporate,transition; carbon_reduction; energy_efficiency; clean_transport; sustainable_manufacturing,manufacturing; transportation; property; all_industries,65,A+; A; B+,1000000,,,TRUE,TRUE,TRUE,UOB可持續解決方案頁面列示Transition Finance，用於支持企業低碳轉型；公開資料未披露香港統一利率或額度。,企業已有轉型路徑、減碳目標或高碳環節改善計劃的融資。,項目需説明基準排放、轉型路線和避免漂綠的依據；香港本地分類和評審要求需確認。,UOB,https://www.uobgroup.com/sustainable-solutions/index.page
CCB_ASIA_SUSTAINABILITY_LINKED_LOAN,建設銀行亞洲,China Construction Bank (Asia),可持續發展掛鈎貸款,Sustainability-linked Loans,sustainability_linked_loan,企業客户,TRUE,SME; mid_market; corporate,sustainability_performance; carbon_reduction; energy_efficiency; transition; governance,all_industries; green_industries,70,A+; A; B+,1000000,,,TRUE,FALSE,TRUE,建設銀行亞洲綠色金融頁面列示綠色及可持續貸款和可持續發展掛鈎貸款，並説明可協助第三方認證；公開資料未披露統一利率。,已有KPI/SPT或轉型目標，並希望用中資銀行綠色金融服務的企業。,從原CCB Asia綜合條目拆分出SLL路徑；需準備目標、基準和複核材料。,CCB Asia,https://www.asia.ccb.com/hongkong/enterprise/corporate_finance/green_finance.html
ICBC_ASIA_GREEN_LOAN,工商銀行亞洲,ICBC (Asia),綠色貸款,Green Loans,use_of_proceeds_green_loan,有綠色融資需求的企業客户,TRUE,SME; mid_market; corporate,green_project; renewable_energy; energy_efficiency; clean_transport; green_building; carbon_reduction; transition,all_industries,60,A+; A; B+; B,1000000,,,TRUE,TRUE,FALSE,工銀亞洲ESG貸款頁面説明ESG貸款包括綠色貸款、社會貸款及可持續發展掛鈎貸款等，並要求外部評審機構評估或出具意見。,綠色用途清晰、可提供外部評審或銀行認可證明的綠色項目。,從ICBC Asia ESG Loans綜合條目拆分綠色貸款路徑；實際申請條件、評審機構和額度需銀行確認。,ICBC Asia,https://www.icbcasia.com/hk/en/commercial/commercial-lending/structured-finance/default.html
ICBC_ASIA_SOCIAL_LOAN,工商銀行亞洲,ICBC (Asia),社會貸款,Social Loans,social_loan,有社會效益融資需求的企業客户,TRUE,SME; mid_market; corporate,social_project; community_development; access_to_essential_services; employment; sme_support,all_industries; social_enterprise,60,A+; A; B+; B,1000000,,,TRUE,TRUE,FALSE,工銀亞洲ESG貸款頁面列明ESG貸款包括社會貸款；公開資料未披露統一利率、額度或期限。,可説明社會效益和受益羣體的項目融資。,僅在企業資料存在社會項目時推薦；需外部評審或銀行認可證明，實際分類由銀行確認。,ICBC Asia,https://www.icbcasia.com/hk/en/commercial/commercial-lending/structured-finance/default.html
ICBC_ASIA_SUSTAINABILITY_LINKED_LOAN,工商銀行亞洲,ICBC (Asia),可持續發展掛鈎貸款,Sustainability-linked Loans,sustainability_linked_loan,有ESG表現提升目標的企業客户,TRUE,SME; mid_market; corporate,sustainability_performance; carbon_reduction; energy_efficiency; transition; governance,all_industries,70,A+; A; B+,1500000,,,TRUE,FALSE,TRUE,工銀亞洲ESG貸款頁面列明ESG貸款包括可持續發展掛鈎貸款；銀行會評估借款人財務及相關材料，並要求外部評審機構評估或出具意見。,已有可持續發展KPI/SPT並能接受年度複核的企業。,需準備KPI、SPT、基準年、跟蹤機制和外部意見；不應僅憑單一綠色項目自動推薦為首選。,ICBC Asia,https://www.icbcasia.com/hk/en/commercial/commercial-lending/structured-finance/default.html
BOSHK_GREEN_LOAN,上海銀行香港,Bank of Shanghai (Hong Kong),綠色貸款,Green Loans,use_of_proceeds_green_loan,企業客户,TRUE,SME; mid_market; corporate,green_project; energy_efficiency; renewable_energy; green_building; clean_transport; carbon_reduction,all_industries; green_industries,60,A+; A; B+; B,1000000,,,TRUE,TRUE,FALSE,上海銀行香港ESG頁面列示Green Loans並披露綠色金融組合數據；公開資料未披露統一利率、額度或期限。,希望納入中資銀行綠色融資備選的綠色項目融資。,來源為銀行ESG/綠色金融公開頁面；實際產品准入、第三方評審和授信條件需向銀行確認。,Bank of Shanghai (Hong Kong),https://www.bosc-hk.com/en/About/cishan.html
BOSHK_SUSTAINABILITY_PERFORMANCE_LINKED_LOAN,上海銀行香港,Bank of Shanghai (Hong Kong),可持續發展表現掛鈎貸款,Sustainability Performance-Linked Loans,sustainability_linked_loan,企業客户,TRUE,SME; mid_market; corporate,sustainability_performance; carbon_reduction; energy_efficiency; transition; governance,all_industries,70,A+; A; B+,1000000,,,TRUE,FALSE,TRUE,上海銀行香港ESG頁面列示Sustainability Performance-Linked Loans，並披露綠色金融業務指標；公開資料未披露統一KPI或利率。,已有可持續發展表現目標並希望貸款條款與目標表現掛鈎的企業。,來源為銀行ESG/綠色金融公開頁面；企業需準備KPI、SPT、基準年和複核安排。,Bank of Shanghai (Hong Kong),https://www.bosc-hk.com/en/About/cishan.html
CHONG_HING_GREEN_LOAN,創興銀行,Chong Hing Bank,綠色貸款,Green Loan,use_of_proceeds_green_loan,商業銀行企業客户,TRUE,SME; mid_market; corporate,green_project; renewable_energy; energy_efficiency; clean_transport; green_building; pollution_prevention; carbon_reduction,all_industries,60,A+; A; B+; B,800000,,,TRUE,TRUE,FALSE,創興銀行商業銀行服務頁面列示Green Loan，並説明資金用於綠色項目；公開資料未披露統一利率或審批門檻。,綠色項目用途清晰、需要本地銀行綠色貸款備選的企業。,需準備資金用途、項目證明和綠色評審或銀行認可材料；實際額度、期限和擔保需銀行確認。,Chong Hing Bank,https://www.chbank.com/en/commercial/banking-services/green/greenloan/index.shtml
CHONG_HING_SUSTAINABILITY_LINKED_LOAN,創興銀行,Chong Hing Bank,可持續發展掛鈎貸款,Sustainability-linked Loan,sustainability_linked_loan,商業銀行企業客户,TRUE,SME; mid_market; corporate,sustainability_performance; carbon_reduction; energy_efficiency; governance; social_performance,all_industries,70,A+; A; B+,800000,,,TRUE,FALSE,TRUE,創興銀行商業銀行服務頁面列示Sustainability-linked Loan，用於將融資與可持續發展表現指標掛鈎；公開資料未披露統一利率。,有可量化ESG目標、年度KPI和複核機制的企業。,需準備KPI/SPT、基準年、目標水平和外部複核安排；是否適用SME需銀行進一步確認。,Chong Hing Bank,https://www.chbank.com/en/commercial/banking-services/green/greenloan/index.shtml
CNCBI_GREEN_LOAN,中信銀行國際,China CITIC Bank International,綠色貸款,Green Loan,use_of_proceeds_green_loan,企業客户,TRUE,SME; mid_market; corporate,green_project; renewable_energy; energy_efficiency; clean_transport; green_building; carbon_reduction,all_industries; green_industries,60,A+; A; B+; B,1000000,,,TRUE,TRUE,FALSE,中信銀行國際公開TCFD/可持續發展資料提及綠色貸款業務；公開資料未披露統一產品利率、期限或審批門檻。,需要把中信銀行國際納入備選的綠色項目融資。,來源為銀行公開披露資料，不是詳細產品頁；正式產品口徑、申請條件和可辦理性需向銀行確認。,CNCBI,https://www.cncbinternational.com/about-us/investor-relations/regulatory-disclosures/en/index.jsp
CNCBI_SUSTAINABILITY_LINKED_LOAN,中信銀行國際,China CITIC Bank International,可持續發展掛鈎貸款,Sustainability-linked Loan,sustainability_linked_loan,企業客户,TRUE,SME; mid_market; corporate,sustainability_performance; carbon_reduction; energy_efficiency; transition; governance,all_industries,70,A+; A; B+,1000000,,,TRUE,FALSE,TRUE,中信銀行國際公開TCFD/可持續發展資料提及sustainability-linked loan業務；公開資料未披露統一KPI、利率或額度。,ESG評分較高、已設置KPI/SPT並需要中資銀行可持續融資備選的企業。,來源為銀行公開披露資料，不是詳細產品頁；需向銀行確認具體KPI、複核和審批要求。,CNCBI,https://www.cncbinternational.com/about-us/investor-relations/regulatory-disclosures/en/index.jsp
BOCOM_HK_GREEN_LOAN,交通銀行香港,Bank of Communications Hong Kong,綠色貸款,Green Loan,use_of_proceeds_green_loan,企業客户,TRUE,SME; mid_market; corporate,green_project; renewable_energy; energy_efficiency; clean_transport; green_building; carbon_reduction,all_industries; green_industries,60,A+; A; B+; B,1000000,,,TRUE,TRUE,FALSE,交通銀行香港公開TCFD/可持續金融資料提及綠色貸款業務；公開資料未披露統一產品利率、額度或期限。,需要補充交通銀行香港作為備選的綠色項目融資。,來源為銀行公開披露資料，不是詳細產品頁；實際香港業務口徑、申請條件和第三方評審要求需確認。,Bank of Communications Hong Kong,https://www.bankcomm.com.hk/hk/uploadhk/infos/202506/30/5066412/20250630173755_BoCom_2024_TCFD_hkb_eng.pdf
BOCOM_HK_SUSTAINABILITY_LINKED_LOAN,交通銀行香港,Bank of Communications Hong Kong,可持續發展掛鈎貸款,Sustainability-linked Loan,sustainability_linked_loan,企業客户,TRUE,SME; mid_market; corporate,sustainability_performance; carbon_reduction; energy_efficiency; transition; governance,all_industries,70,A+; A; B+,1000000,,,TRUE,FALSE,TRUE,交通銀行香港公開TCFD/可持續金融資料提及可持續發展掛鈎貸款業務；公開資料未披露統一KPI、利率或額度。,已有KPI/SPT、減碳或轉型目標的企業。,來源為銀行公開披露資料，不是詳細產品頁；需向銀行確認SPT、複核機制和授信條件。,Bank of Communications Hong Kong,https://www.bankcomm.com.hk/hk/uploadhk/infos/202506/30/5066412/20250630173755_BoCom_2024_TCFD_hkb_eng.pdf
CMB_WING_LUNG_GREEN_SLL,招商永隆銀行,CMB Wing Lung Bank,綠色及可持續發展掛鈎貸款,Green and Sustainability-linked Loans,green_or_sustainability_related_loan,企業客户,TRUE,SME; mid_market; corporate,green_project; sustainability_performance; renewable_energy; energy_efficiency; clean_transport; carbon_reduction; transition,all_industries; green_industries,65,A+; A; B+; B,1000000,,,TRUE,TRUE,TRUE,招商永隆銀行公開年報/可持續發展資料披露綠色貸款及可持續發展掛鈎貸款業務；公開資料未披露統一產品利率、額度或審批門檻。,需要把招商永隆銀行納入備選的綠色項目或SLL融資。,來源為銀行公開披露資料，不是詳細產品頁；具體申請條件、香港業務口徑和外部評審要求需向銀行確認。,CMB Wing Lung Bank,https://www.cmbwinglungbank.com/wlb_corporate/en/about-us/csr/GreenFinance.html
FUBON_HK_GREEN_LOAN,富邦銀行香港,Fubon Bank (Hong Kong),綠色貸款,Green Loan,use_of_proceeds_green_loan,企業客户及中小企客户,TRUE,SME; mid_market; corporate,green_project; renewable_energy; energy_efficiency; sustainable_agriculture; carbon_reduction,all_industries; agriculture; green_industries,60,A+; A; B+; B,800000,,,TRUE,TRUE,FALSE,富邦銀行香港公開氣候/可持續發展資料提及綠色貸款案例和綠色金融業務；公開資料未披露統一產品利率、額度或期限。,希望補充中小銀行備選，並有清晰綠色用途和證明材料的項目。,來源為銀行公開披露資料，不是詳細產品頁；是否可按標準產品辦理、是否需第三方評審和實際授信條件需向銀行確認。,Fubon Bank Hong Kong,https://www.fubonbank.com.hk/resources/common/pdf/sustainability24_e.pdf
